{
  "torso_top": [
    5,
    6,
    98.68967756084697
  ],
  "torso_bottom": [
    11,
    12,
    65.17890014153788
  ],
  "torso_right": [
    6,
    12,
    157.56661908766742
  ],
  "torso_left": [
    5,
    11,
    157.85786488033432
  ],
  "left_upper_arm": [
    5,
    7,
    88.30020280803198
  ],
  "right_upper_arm": [
    6,
    8,
    75.44678963282483
  ],
  "left_forearm": [
    7,
    9,
    68.88388163513532
  ],
  "right_forearm": [
    8,
    10,
    68.81876571611139
  ],
  "left_thigh": [
    11,
    13,
    109.57752620946782
  ],
  "right_thigh": [
    12,
    14,
    111.05719079158935
  ],
  "left_calf": [
    13,
    15,
    122.1304643141629
  ],
  "right_calf": [
    14,
    16,
    118.33477096208016
  ]
}
